frameTime,leftGaze origin x,leftGaze origin y,leftGaze origin z,leftGaze direction x,leftGaze direction y,leftGaze direction z,rightGaze origin x,rightGaze origin y,rightGaze origin z,rightGaze direction x,rightGaze direction y,rightGaze direction z
"1.334372","-3.15","0","-120","0.061","-0.127","0.99","3.15","0","-120","0.186","0.087","0.979"
"1.347154","-3.15","0","-120","0.061","-0.127","0.99","3.15","0","-120","0.186","0.087","0.979"
"1.36081","-3.15","0","-120","0.061","-0.127","0.99","3.15","0","-120","0.186","0.087","0.979"
"1.374979","-3.15","0","-120","0.061","-0.127","0.99","3.15","0","-120","0.186","0.087","0.979"
"1.389314","-3.15","0","-120","0.061","-0.127","0.99","3.15","0","-120","0.186","0.087","0.979"
"1.403659","-3.15","0","-120","0.061","-0.127","0.99","3.15","0","-120","0.186","0.087","0.979"
"1.418039","-3.15","0","-120","0.061","-0.127","0.99","3.15","0","-120","0.186","0.087","0.979"
"1.432035","-3.15","0","-120","0.061","-0.127","0.99","3.15","0","-120","0.186","0.087","0.979"
"1.446479","-3.15","0","-120","0.061","-0.127","0.99","3.15","0","-120","0.186","0.087","0.979"
"1.461189","-3.15","0","-120","0.061","-0.127","0.99","3.15","0","-120","0.186","0.087","0.979"
"1.474883","-3.15","0","-120","0.061","-0.127","0.99","3.15","0","-120","0.186","0.087","0.979"
"1.489328","-3.15","0","-120","0.061","-0.127","0.99","3.15","0","-120","0.186","0.087","0.979"
"1.50383","-3.15","0","-120","0.061","-0.127","0.99","3.15","0","-120","0.186","0.087","0.979"
"1.517869","-3.15","0","-120","0.061","-0.127","0.99","3.15","0","-120","0.186","0.087","0.979"
"1.532743","-3.15","0","-120","0.061","-0.127","0.99","3.15","0","-120","0.186","0.087","0.979"
"1.546842","-3.15","0","-120","0.061","-0.127","0.99","3.15","0","-120","0.186","0.087","0.979"
"1.560876","-3.15","0","-120","0.061","-0.127","0.99","3.15","0","-120","0.186","0.087","0.979"
"1.574895","-3.15","0","-120","0.061","-0.127","0.99","3.15","0","-120","0.186","0.087","0.979"
"1.58939","-3.15","0","-120","0.061","-0.127","0.99","3.15","0","-120","0.186","0.087","0.979"
"1.603774","-3.15","0","-120","0.061","-0.127","0.99","3.15","0","-120","0.186","0.087","0.979"
"1.617723","-3.15","0","-120","0.061","-0.127","0.99","3.15","0","-120","0.186","0.087","0.979"
"1.632062","-3.15","0","-120","0.061","-0.127","0.99","3.15","0","-120","0.186","0.087","0.979"
"1.646589","-3.15","0","-120","0.061","-0.127","0.99","3.15","0","-120","0.186","0.087","0.979"
"1.66105","-3.15","0","-120","0.061","-0.127","0.99","3.15","0","-120","0.186","0.087","0.979"
"1.675066","-3.15","0","-120","0.061","-0.127","0.99","3.15","0","-120","0.186","0.087","0.979"
"1.689396","-3.15","0","-120","0.061","-0.127","0.99","3.15","0","-120","0.186","0.087","0.979"
"1.703634","-3.15","0","-120","0.061","-0.127","0.99","3.15","0","-120","0.186","0.087","0.979"
"1.717734","-3.15","0","-120","0.061","-0.127","0.99","3.15","0","-120","0.186","0.087","0.979"
"1.732111","-3.15","0","-120","0.061","-0.127","0.99","3.15","0","-120","0.186","0.087","0.979"
"1.747153","-3.15","0","-120","0.061","-0.127","0.99","3.15","0","-120","0.186","0.087","0.979"
"1.760792","-3.15","0","-120","0.061","-0.127","0.99","3.15","0","-120","0.186","0.087","0.979"
"1.774972","-3.15","0","-120","0.061","-0.127","0.99","3.15","0","-120","0.186","0.087","0.979"
"1.78925","-3.15","0","-120","0.061","-0.127","0.99","3.15","0","-120","0.186","0.087","0.979"
"1.803582","-3.15","0","-120","0.061","-0.127","0.99","3.15","0","-120","0.186","0.087","0.979"
"1.817707","-3.15","0","-120","0.061","-0.127","0.99","3.15","0","-120","0.186","0.087","0.979"
"1.832141","-3.15","0","-120","0.061","-0.127","0.99","3.15","0","-120","0.186","0.087","0.979"
"1.846358","-3.15","0","-120","0.061","-0.127","0.99","3.15","0","-120","0.186","0.087","0.979"
"1.86079","-3.15","0","-120","0.061","-0.127","0.99","3.15","0","-120","0.186","0.087","0.979"
"1.875237","-3.15","0","-120","0.061","-0.127","0.99","3.15","0","-120","0.186","0.087","0.979"
"1.889257","-3.15","0","-120","0.061","-0.127","0.99","3.15","0","-120","0.186","0.087","0.979"
"1.90356","-3.15","0","-120","0.061","-0.127","0.99","3.15","0","-120","0.186","0.087","0.979"
"1.917727","-3.15","0","-120","0.061","-0.127","0.99","3.15","0","-120","0.186","0.087","0.979"
"1.932204","-3.15","0","-120","0.061","-0.127","0.99","3.15","0","-120","0.186","0.087","0.979"
"1.946437","-3.15","0","-120","0.061","-0.127","0.99","3.15","0","-120","0.186","0.087","0.979"
"1.960717","-3.15","0","-120","0.061","-0.127","0.99","3.15","0","-120","0.186","0.087","0.979"
"1.975164","-3.15","0","-120","0.061","-0.127","0.99","3.15","0","-120","0.186","0.087","0.979"
"1.989284","-3.15","0","-120","0.061","-0.127","0.99","3.15","0","-120","0.186","0.087","0.979"
"2.003624","-3.15","0","-120","0.061","-0.127","0.99","3.15","0","-120","0.186","0.087","0.979"
"2.01782","-3.15","0","-120","0.061","-0.127","0.99","3.15","0","-120","0.186","0.087","0.979"
"2.032163","-3.15","0","-120","0.061","-0.127","0.99","3.15","0","-120","0.186","0.087","0.979"
"2.046361","-3.15","0","-120","0.061","-0.127","0.99","3.15","0","-120","0.186","0.087","0.979"
"2.060677","-3.15","0","-120","0.061","-0.127","0.99","3.15","0","-120","0.186","0.087","0.979"
"2.075239","-3.15","0","-120","0.061","-0.127","0.99","3.15","0","-120","0.186","0.087","0.979"
"2.089594","-3.15","0","-120","0.061","-0.127","0.99","3.15","0","-120","0.186","0.087","0.979"
"2.103612","-3.15","0","-120","0.061","-0.127","0.99","3.15","0","-120","0.186","0.087","0.979"
"2.117911","-3.15","0","-120","0.061","-0.127","0.99","3.15","0","-120","0.186","0.087","0.979"
"2.132047","-3.15","0","-120","0.061","-0.127","0.99","3.15","0","-120","0.186","0.087","0.979"
"2.146372","-3.15","0","-120","0.061","-0.127","0.99","3.15","0","-120","0.186","0.087","0.979"
"2.160671","-3.15","0","-120","0.061","-0.127","0.99","3.15","0","-120","0.186","0.087","0.979"
"2.174955","-3.15","0","-120","0.061","-0.127","0.99","3.15","0","-120","0.186","0.087","0.979"
"2.189259","-3.15","0","-120","0.061","-0.127","0.99","3.15","0","-120","0.186","0.087","0.979"
"2.203677","-3.15","0","-120","0.061","-0.127","0.99","3.15","0","-120","0.186","0.087","0.979"
"2.217849","-3.15","0","-120","0.061","-0.127","0.99","3.15","0","-120","0.186","0.087","0.979"
"2.232122","-3.15","0","-120","0.061","-0.127","0.99","3.15","0","-120","0.186","0.087","0.979"
"2.246364","-3.15","0","-120","0.061","-0.127","0.99","3.15","0","-120","0.186","0.087","0.979"
"2.261682","-3.15","0","-120","0.061","-0.127","0.99","3.15","0","-120","0.186","0.087","0.979"
"2.275055","-3.15","0","-120","0.061","-0.127","0.99","3.15","0","-120","0.186","0.087","0.979"
"2.289147","-3.15","0","-120","0.061","-0.127","0.99","3.15","0","-120","0.186","0.087","0.979"
"2.303888","-3.15","0","-120","0.061","-0.127","0.99","3.15","0","-120","0.186","0.087","0.979"
"2.31799","-3.15","0","-120","0.061","-0.127","0.99","3.15","0","-120","0.186","0.087","0.979"
"2.332151","-3.15","0","-120","0.061","-0.127","0.99","3.15","0","-120","0.186","0.087","0.979"
"2.346277","-3.15","0","-120","0.061","-0.127","0.99","3.15","0","-120","0.186","0.087","0.979"
"2.360862","-3.15","0","-120","0.061","-0.127","0.99","3.15","0","-120","0.186","0.087","0.979"
"2.374944","-3.15","0","-120","0.061","-0.127","0.99","3.15","0","-120","0.186","0.087","0.979"
"2.389184","-3.15","0","-120","0.061","-0.127","0.99","3.15","0","-120","0.186","0.087","0.979"
"2.403591","-3.15","0","-120","0.061","-0.127","0.99","3.15","0","-120","0.186","0.087","0.979"
"2.417916","-3.15","0","-120","0.061","-0.127","0.99","3.15","0","-120","0.186","0.087","0.979"
"2.432021","-3.15","0","-120","0.061","-0.127","0.99","3.15","0","-120","0.186","0.087","0.979"
"2.446358","-3.15","0","-120","0.061","-0.127","0.99","3.15","0","-120","0.186","0.087","0.979"
"2.460915","-3.15","0","-120","0.061","-0.127","0.99","3.15","0","-120","0.186","0.087","0.979"
"2.474898","-3.15","0","-120","0.061","-0.127","0.99","3.15","0","-120","0.186","0.087","0.979"
"2.489324","-3.15","0","-120","0.061","-0.127","0.99","3.15","0","-120","0.186","0.087","0.979"
"2.504004","-3.15","0","-120","0.061","-0.127","0.99","3.15","0","-120","0.186","0.087","0.979"
"2.517969","-3.15","0","-120","0.061","-0.127","0.99","3.15","0","-120","0.186","0.087","0.979"
"2.532193","-3.15","0","-120","0.061","-0.127","0.99","3.15","0","-120","0.186","0.087","0.979"
"2.54634","-3.15","0","-120","0.061","-0.127","0.99","3.15","0","-120","0.186","0.087","0.979"
"2.560781","-3.15","0","-120","0.061","-0.127","0.99","3.15","0","-120","0.186","0.087","0.979"
"2.57498","-3.15","0","-120","0.061","-0.127","0.99","3.15","0","-120","0.186","0.087","0.979"
"2.589166","-3.15","0","-120","0.061","-0.127","0.99","3.15","0","-120","0.186","0.087","0.979"
"2.603787","-3.15","0","-120","0.061","-0.127","0.99","3.15","0","-120","0.186","0.087","0.979"
"2.617854","-3.15","0","-120","0.061","-0.127","0.99","3.15","0","-120","0.186","0.087","0.979"
"2.632013","-3.15","0","-120","0.061","-0.127","0.99","3.15","0","-120","0.186","0.087","0.979"
"2.646399","-3.15","0","-120","0.061","-0.127","0.99","3.15","0","-120","0.186","0.087","0.979"
"2.660748","-3.15","0","-120","0.061","-0.127","0.99","3.15","0","-120","0.186","0.087","0.979"
"2.674946","-3.15","0","-120","0.061","-0.127","0.99","3.15","0","-120","0.186","0.087","0.979"
"2.689218","-3.15","0","-120","0.061","-0.127","0.99","3.15","0","-120","0.186","0.087","0.979"
"2.703582","-3.15","0","-120","0.061","-0.127","0.99","3.15","0","-120","0.186","0.087","0.979"
"2.718219","-3.15","0","-120","0.061","-0.127","0.99","3.15","0","-120","0.186","0.087","0.979"
"2.732117","-3.15","0","-120","0.061","-0.127","0.99","3.15","0","-120","0.186","0.087","0.979"
"2.746561","-3.15","0","-120","0.061","-0.127","0.99","3.15","0","-120","0.186","0.087","0.979"
"2.760846","-3.15","0","-120","0.061","-0.127","0.99","3.15","0","-120","0.186","0.087","0.979"
"2.775723","-3.15","0","-120","0.061","-0.127","0.99","3.15","0","-120","0.186","0.087","0.979"
"2.789378","-3.15","0","-120","0.061","-0.127","0.99","3.15","0","-120","0.186","0.087","0.979"
"2.803627","-3.15","0","-120","0.061","-0.127","0.99","3.15","0","-120","0.186","0.087","0.979"
"2.817831","-3.15","0","-120","0.061","-0.127","0.99","3.15","0","-120","0.186","0.087","0.979"
"2.832144","-3.15","0","-120","0.061","-0.127","0.99","3.15","0","-120","0.186","0.087","0.979"
"2.846368","-3.15","0","-120","0.061","-0.127","0.99","3.15","0","-120","0.186","0.087","0.979"
"2.860868","-3.15","0","-120","0.061","-0.127","0.99","3.15","0","-120","0.186","0.087","0.979"
"2.875162","-3.15","0","-120","0.061","-0.127","0.99","3.15","0","-120","0.186","0.087","0.979"
"2.889429","-3.15","0","-120","0.061","-0.127","0.99","3.15","0","-120","0.186","0.087","0.979"
"2.903756","-3.15","0","-120","0.061","-0.127","0.99","3.15","0","-120","0.186","0.087","0.979"
"2.917966","-3.15","0","-120","0.061","-0.127","0.99","3.15","0","-120","0.186","0.087","0.979"
"2.932211","-3.15","0","-120","0.061","-0.127","0.99","3.15","0","-120","0.186","0.087","0.979"
"2.946336","-3.15","0","-120","0.061","-0.127","0.99","3.15","0","-120","0.186","0.087","0.979"
"2.960842","-3.15","0","-120","0.061","-0.127","0.99","3.15","0","-120","0.186","0.087","0.979"
"2.97502","-3.15","0","-120","0.061","-0.127","0.99","3.15","0","-120","0.186","0.087","0.979"
"2.989366","-3.15","0","-120","0.061","-0.127","0.99","3.15","0","-120","0.186","0.087","0.979"
"3.003567","-3.15","0","-120","0.061","-0.127","0.99","3.15","0","-120","0.186","0.087","0.979"
"3.017797","-3.15","0","-120","0.061","-0.127","0.99","3.15","0","-120","0.186","0.087","0.979"
"3.03221","-3.15","0","-120","0.061","-0.127","0.99","3.15","0","-120","0.186","0.087","0.979"
"3.046288","-3.15","0","-120","0.061","-0.127","0.99","3.15","0","-120","0.186","0.087","0.979"
"3.060896","-3.15","0","-120","0.061","-0.127","0.99","3.15","0","-120","0.186","0.087","0.979"
"3.07497","-3.15","0","-120","0.061","-0.127","0.99","3.15","0","-120","0.186","0.087","0.979"
"3.089231","-3.15","0","-120","0.061","-0.127","0.99","3.15","0","-120","0.186","0.087","0.979"
"3.103609","-3.15","0","-120","0.061","-0.127","0.99","3.15","0","-120","0.186","0.087","0.979"
"3.117721","-3.15","0","-120","0.061","-0.127","0.99","3.15","0","-120","0.186","0.087","0.979"
"3.132536","-3.15","0","-120","0.061","-0.127","0.99","3.15","0","-120","0.186","0.087","0.979"
"3.146468","-3.15","0","-120","0.061","-0.127","0.99","3.15","0","-120","0.186","0.087","0.979"
"3.160815","-3.15","0","-120","0.061","-0.127","0.99","3.15","0","-120","0.186","0.087","0.979"
"3.175003","-3.15","0","-120","0.061","-0.127","0.99","3.15","0","-120","0.186","0.087","0.979"
"3.189256","-3.15","0","-120","0.061","-0.127","0.99","3.15","0","-120","0.186","0.087","0.979"
"3.203754","-3.15","0","-120","0.061","-0.127","0.99","3.15","0","-120","0.186","0.087","0.979"
"3.217813","-3.15","0","-120","0.061","-0.127","0.99","3.15","0","-120","0.186","0.087","0.979"
"3.232151","-3.15","0","-120","0.061","-0.127","0.99","3.15","0","-120","0.186","0.087","0.979"
"3.246426","-3.15","0","-120","0.061","-0.127","0.99","3.15","0","-120","0.186","0.087","0.979"
"3.260773","-3.15","0","-120","0.061","-0.127","0.99","3.15","0","-120","0.186","0.087","0.979"
"3.275086","-3.15","0","-120","0.061","-0.127","0.99","3.15","0","-120","0.186","0.087","0.979"
"3.289979","-3.15","0","-120","0.061","-0.127","0.99","3.15","0","-120","0.186","0.087","0.979"
"3.304749","-3.15","0","-120","0.061","-0.127","0.99","3.15","0","-120","0.186","0.087","0.979"
"3.317826","-3.15","0","-120","0.061","-0.127","0.99","3.15","0","-120","0.186","0.087","0.979"
"3.332653","-3.15","0","-120","0.061","-0.127","0.99","3.15","0","-120","0.186","0.087","0.979"
"3.346303","-3.15","0","-120","0.061","-0.127","0.99","3.15","0","-120","0.186","0.087","0.979"
"3.360878","-3.15","0","-120","0.061","-0.127","0.99","3.15","0","-120","0.186","0.087","0.979"
"3.375058","-3.15","0","-120","0.061","-0.127","0.99","3.15","0","-120","0.186","0.087","0.979"
"3.389143","-3.15","0","-120","0.061","-0.127","0.99","3.15","0","-120","0.186","0.087","0.979"
"3.403568","-3.15","0","-120","0.061","-0.127","0.99","3.15","0","-120","0.186","0.087","0.979"
"3.417948","-3.15","0","-120","0.061","-0.127","0.99","3.15","0","-120","0.186","0.087","0.979"
"3.43203","-3.15","0","-120","0.061","-0.127","0.99","3.15","0","-120","0.186","0.087","0.979"
"3.446409","-3.15","0","-120","0.061","-0.127","0.99","3.15","0","-120","0.186","0.087","0.979"
"3.460856","-3.15","0","-120","0.061","-0.127","0.99","3.15","0","-120","0.186","0.087","0.979"
"3.474846","-3.15","0","-120","0.061","-0.127","0.99","3.15","0","-120","0.186","0.087","0.979"
"3.489092","-3.15","0","-120","0.061","-0.127","0.99","3.15","0","-120","0.186","0.087","0.979"
"3.503586","-3.15","0","-120","0.061","-0.127","0.99","3.15","0","-120","0.186","0.087","0.979"
"3.517749","-3.15","0","-120","0.061","-0.127","0.99","3.15","0","-120","0.186","0.087","0.979"
"3.532235","-3.15","0","-120","0.061","-0.127","0.99","3.15","0","-120","0.186","0.087","0.979"
"3.54667","-3.15","0","-120","0.061","-0.127","0.99","3.15","0","-120","0.186","0.087","0.979"
"3.561025","-3.15","0","-120","0.061","-0.127","0.99","3.15","0","-120","0.186","0.087","0.979"
"3.574999","-3.15","0","-120","0.061","-0.127","0.99","3.15","0","-120","0.186","0.087","0.979"
"3.589135","-3.15","0","-120","0.061","-0.127","0.99","3.15","0","-120","0.186","0.087","0.979"
"3.603557","-3.15","0","-120","0.061","-0.127","0.99","3.15","0","-120","0.186","0.087","0.979"
"3.617755","-3.15","0","-120","0.061","-0.127","0.99","3.15","0","-120","0.186","0.087","0.979"
"3.63203","-3.15","0","-120","0.061","-0.127","0.99","3.15","0","-120","0.186","0.087","0.979"
"3.646473","-3.15","0","-120","0.061","-0.127","0.99","3.15","0","-120","0.186","0.087","0.979"
"3.660903","-3.15","0","-120","0.061","-0.127","0.99","3.15","0","-120","0.186","0.087","0.979"
"3.67495","-3.15","0","-120","0.061","-0.127","0.99","3.15","0","-120","0.186","0.087","0.979"
"3.689225","-3.15","0","-120","0.061","-0.127","0.99","3.15","0","-120","0.186","0.087","0.979"
"3.703762","-3.15","0","-120","0.061","-0.127","0.99","3.15","0","-120","0.186","0.087","0.979"
"3.717875","-3.15","0","-120","0.061","-0.127","0.99","3.15","0","-120","0.186","0.087","0.979"
"3.732045","-3.15","0","-120","0.061","-0.127","0.99","3.15","0","-120","0.186","0.087","0.979"
"3.746579","-3.15","0","-120","0.061","-0.127","0.99","3.15","0","-120","0.186","0.087","0.979"
"3.761171","-3.15","0","-120","0.061","-0.127","0.99","3.15","0","-120","0.186","0.087","0.979"
"3.774913","-3.15","0","-120","0.061","-0.127","0.99","3.15","0","-120","0.186","0.087","0.979"
"3.789285","-3.15","0","-120","0.061","-0.127","0.99","3.15","0","-120","0.186","0.087","0.979"
"3.804302","-3.15","0","-120","0.061","-0.127","0.99","3.15","0","-120","0.186","0.087","0.979"
"3.817669","-3.15","0","-120","0.061","-0.127","0.99","3.15","0","-120","0.186","0.087","0.979"
"3.832057","-3.15","0","-120","0.061","-0.127","0.99","3.15","0","-120","0.186","0.087","0.979"
"3.846417","-3.15","0","-120","0.061","-0.127","0.99","3.15","0","-120","0.186","0.087","0.979"
"3.860844","-3.15","0","-120","0.061","-0.127","0.99","3.15","0","-120","0.186","0.087","0.979"
"3.875117","-3.15","0","-120","0.061","-0.127","0.99","3.15","0","-120","0.186","0.087","0.979"
"3.889176","-3.15","0","-120","0.061","-0.127","0.99","3.15","0","-120","0.186","0.087","0.979"
"3.903578","-3.15","0","-120","0.061","-0.127","0.99","3.15","0","-120","0.186","0.087","0.979"
"3.917769","-3.15","0","-120","0.061","-0.127","0.99","3.15","0","-120","0.186","0.087","0.979"
"3.932035","-3.15","0","-120","0.061","-0.127","0.99","3.15","0","-120","0.186","0.087","0.979"
"3.946316","-3.15","0","-120","0.061","-0.127","0.99","3.15","0","-120","0.186","0.087","0.979"
"3.960846","-3.15","0","-120","0.061","-0.127","0.99","3.15","0","-120","0.186","0.087","0.979"
"3.975144","-3.15","0","-120","0.061","-0.127","0.99","3.15","0","-120","0.186","0.087","0.979"
"3.98937","-3.15","0","-120","0.061","-0.127","0.99","3.15","0","-120","0.186","0.087","0.979"
"4.003595","-3.15","0","-120","0.061","-0.127","0.99","3.15","0","-120","0.186","0.087","0.979"
"4.017742","-3.15","0","-120","0.061","-0.127","0.99","3.15","0","-120","0.186","0.087","0.979"
"4.032208","-3.15","0","-120","0.061","-0.127","0.99","3.15","0","-120","0.186","0.087","0.979"
"4.046366","-3.15","0","-120","0.061","-0.127","0.99","3.15","0","-120","0.186","0.087","0.979"
"4.060809","-3.15","0","-120","0.061","-0.127","0.99","3.15","0","-120","0.186","0.087","0.979"
"4.074914","-3.15","0","-120","0.061","-0.127","0.99","3.15","0","-120","0.186","0.087","0.979"
"4.089232","-3.15","0","-120","0.061","-0.127","0.99","3.15","0","-120","0.186","0.087","0.979"
"4.103571","-3.15","0","-120","0.061","-0.127","0.99","3.15","0","-120","0.186","0.087","0.979"
"4.11776","-3.15","0","-120","0.061","-0.127","0.99","3.15","0","-120","0.186","0.087","0.979"
"4.132015","-3.15","0","-120","0.061","-0.127","0.99","3.15","0","-120","0.186","0.087","0.979"
"4.146343","-3.15","0","-120","0.061","-0.127","0.99","3.15","0","-120","0.186","0.087","0.979"
"4.160817","-3.15","0","-120","0.061","-0.127","0.99","3.15","0","-120","0.186","0.087","0.979"
"4.175171","-3.15","0","-120","0.061","-0.127","0.99","3.15","0","-120","0.186","0.087","0.979"
"4.189524","-3.15","0","-120","0.061","-0.127","0.99","3.15","0","-120","0.186","0.087","0.979"
"4.203666","-3.15","0","-120","0.061","-0.127","0.99","3.15","0","-120","0.186","0.087","0.979"
"4.217734","-3.15","0","-120","0.061","-0.127","0.99","3.15","0","-120","0.186","0.087","0.979"
"4.232147","-3.15","0","-120","0.061","-0.127","0.99","3.15","0","-120","0.186","0.087","0.979"
"4.246356","-3.15","0","-120","0.061","-0.127","0.99","3.15","0","-120","0.186","0.087","0.979"
"4.260772","-3.15","0","-120","0.061","-0.127","0.99","3.15","0","-120","0.186","0.087","0.979"
"4.274868","-3.15","0","-120","0.061","-0.127","0.99","3.15","0","-120","0.186","0.087","0.979"
"4.289264","-3.15","0","-120","0.061","-0.127","0.99","3.15","0","-120","0.186","0.087","0.979"
"4.303555","-3.15","0","-120","0.061","-0.127","0.99","3.15","0","-120","0.186","0.087","0.979"
"4.319053","-3.15","0","-120","0.061","-0.127","0.99","3.15","0","-120","0.186","0.087","0.979"
"4.332076","-3.15","0","-120","0.061","-0.127","0.99","3.15","0","-120","0.186","0.087","0.979"
"4.346349","-3.15","0","-120","0.061","-0.127","0.99","3.15","0","-120","0.186","0.087","0.979"
"4.360837","-3.15","0","-120","0.061","-0.127","0.99","3.15","0","-120","0.186","0.087","0.979"
"4.375053","-3.15","0","-120","0.061","-0.127","0.99","3.15","0","-120","0.186","0.087","0.979"
"4.389193","-3.15","0","-120","0.061","-0.127","0.99","3.15","0","-120","0.186","0.087","0.979"
"4.403737","-3.15","0","-120","0.061","-0.127","0.99","3.15","0","-120","0.186","0.087","0.979"
"4.41777","-3.15","0","-120","0.061","-0.127","0.99","3.15","0","-120","0.186","0.087","0.979"
"4.431942","-3.15","0","-120","0.061","-0.127","0.99","3.15","0","-120","0.186","0.087","0.979"
"4.446429","-3.15","0","-120","0.061","-0.127","0.99","3.15","0","-120","0.186","0.087","0.979"
"4.46069","-3.15","0","-120","0.061","-0.127","0.99","3.15","0","-120","0.186","0.087","0.979"
"4.474947","-3.15","0","-120","0.061","-0.127","0.99","3.15","0","-120","0.186","0.087","0.979"
"4.489274","-3.15","0","-120","0.061","-0.127","0.99","3.15","0","-120","0.186","0.087","0.979"
"4.503543","-3.15","0","-120","0.061","-0.127","0.99","3.15","0","-120","0.186","0.087","0.979"
"4.517899","-3.15","0","-120","0.061","-0.127","0.99","3.15","0","-120","0.186","0.087","0.979"
"4.531993","-3.15","0","-120","0.061","-0.127","0.99","3.15","0","-120","0.186","0.087","0.979"
"4.546368","-3.15","0","-120","0.061","-0.127","0.99","3.15","0","-120","0.186","0.087","0.979"
"4.560725","-3.15","0","-120","0.061","-0.127","0.99","3.15","0","-120","0.186","0.087","0.979"
"4.57481","-3.15","0","-120","0.061","-0.127","0.99","3.15","0","-120","0.186","0.087","0.979"
"4.589143","-3.15","0","-120","0.061","-0.127","0.99","3.15","0","-120","0.186","0.087","0.979"
"4.603409","-3.15","0","-120","0.061","-0.127","0.99","3.15","0","-120","0.186","0.087","0.979"
"4.618177","-3.15","0","-120","0.061","-0.127","0.99","3.15","0","-120","0.186","0.087","0.979"
"4.63208","-3.15","0","-120","0.061","-0.127","0.99","3.15","0","-120","0.186","0.087","0.979"
"4.646361","-3.15","0","-120","0.061","-0.127","0.99","3.15","0","-120","0.186","0.087","0.979"
"4.661278","-3.15","0","-120","0.061","-0.127","0.99","3.15","0","-120","0.186","0.087","0.979"
"4.67488","-3.15","0","-120","0.061","-0.127","0.99","3.15","0","-120","0.186","0.087","0.979"
"4.689247","-3.15","0","-120","0.061","-0.127","0.99","3.15","0","-120","0.186","0.087","0.979"
"4.703599","-3.15","0","-120","0.061","-0.127","0.99","3.15","0","-120","0.186","0.087","0.979"
"4.717806","-3.15","0","-120","0.061","-0.127","0.99","3.15","0","-120","0.186","0.087","0.979"
"4.732065","-3.15","0","-120","0.061","-0.127","0.99","3.15","0","-120","0.186","0.087","0.979"
"4.746202","-3.15","0","-120","0.061","-0.127","0.99","3.15","0","-120","0.186","0.087","0.979"
"4.760848","-3.15","0","-120","0.061","-0.127","0.99","3.15","0","-120","0.186","0.087","0.979"
"4.774836","-3.15","0","-120","0.061","-0.127","0.99","3.15","0","-120","0.186","0.087","0.979"
"4.789179","-3.15","0","-120","0.061","-0.127","0.99","3.15","0","-120","0.186","0.087","0.979"
"4.803594","-3.15","0","-120","0.061","-0.127","0.99","3.15","0","-120","0.186","0.087","0.979"
"4.818018","-3.15","0","-120","0.061","-0.127","0.99","3.15","0","-120","0.186","0.087","0.979"
"4.832844","-3.15","0","-120","0.061","-0.127","0.99","3.15","0","-120","0.186","0.087","0.979"
"4.846335","-3.15","0","-120","0.061","-0.127","0.99","3.15","0","-120","0.186","0.087","0.979"
"4.860782","-3.15","0","-120","0.061","-0.127","0.99","3.15","0","-120","0.186","0.087","0.979"
"4.874825","-3.15","0","-120","0.061","-0.127","0.99","3.15","0","-120","0.186","0.087","0.979"
"4.889105","-3.15","0","-120","0.061","-0.127","0.99","3.15","0","-120","0.186","0.087","0.979"
"4.903404","-3.15","0","-120","0.061","-0.127","0.99","3.15","0","-120","0.186","0.087","0.979"
"4.917684","-3.15","0","-120","0.061","-0.127","0.99","3.15","0","-120","0.186","0.087","0.979"
"4.932166","-3.15","0","-120","0.061","-0.127","0.99","3.15","0","-120","0.186","0.087","0.979"
"4.946319","-3.15","0","-120","0.061","-0.127","0.99","3.15","0","-120","0.186","0.087","0.979"
"4.960809","-3.15","0","-120","0.061","-0.127","0.99","3.15","0","-120","0.186","0.087","0.979"
"4.974892","-3.15","0","-120","0.061","-0.127","0.99","3.15","0","-120","0.186","0.087","0.979"
"4.989176","-3.15","0","-120","0.061","-0.127","0.99","3.15","0","-120","0.186","0.087","0.979"
"5.00355","-3.15","0","-120","0.061","-0.127","0.99","3.15","0","-120","0.186","0.087","0.979"
"5.017947","-3.15","0","-120","0.061","-0.127","0.99","3.15","0","-120","0.186","0.087","0.979"
"5.032015","-3.15","0","-120","0.061","-0.127","0.99","3.15","0","-120","0.186","0.087","0.979"
"5.046319","-3.15","0","-120","0.061","-0.127","0.99","3.15","0","-120","0.186","0.087","0.979"
"5.060854","-3.15","0","-120","0.061","-0.127","0.99","3.15","0","-120","0.186","0.087","0.979"
"5.074875","-3.15","0","-120","0.061","-0.127","0.99","3.15","0","-120","0.186","0.087","0.979"
"5.089199","-3.15","0","-120","0.061","-0.127","0.99","3.15","0","-120","0.186","0.087","0.979"
"5.103702","-3.15","0","-120","0.061","-0.127","0.99","3.15","0","-120","0.186","0.087","0.979"
"5.117665","-3.15","0","-120","0.061","-0.127","0.99","3.15","0","-120","0.186","0.087","0.979"
"5.132246","-3.15","0","-120","0.061","-0.127","0.99","3.15","0","-120","0.186","0.087","0.979"
"5.146276","-3.15","0","-120","0.061","-0.127","0.99","3.15","0","-120","0.186","0.087","0.979"
"5.160817","-3.15","0","-120","0.061","-0.127","0.99","3.15","0","-120","0.186","0.087","0.979"
"5.174886","-3.15","0","-120","0.061","-0.127","0.99","3.15","0","-120","0.186","0.087","0.979"
"5.189201","-3.15","0","-120","0.061","-0.127","0.99","3.15","0","-120","0.186","0.087","0.979"
"5.203623","-3.15","0","-120","0.061","-0.127","0.99","3.15","0","-120","0.186","0.087","0.979"
"5.21811","-3.15","0","-120","0.061","-0.127","0.99","3.15","0","-120","0.186","0.087","0.979"
"5.23212","-3.15","0","-120","0.061","-0.127","0.99","3.15","0","-120","0.186","0.087","0.979"
"5.246396","-3.15","0","-120","0.061","-0.127","0.99","3.15","0","-120","0.186","0.087","0.979"
"5.260787","-3.15","0","-120","0.061","-0.127","0.99","3.15","0","-120","0.186","0.087","0.979"
"5.274909","-3.15","0","-120","0.061","-0.127","0.99","3.15","0","-120","0.186","0.087","0.979"
"5.28913","-3.15","0","-120","0.061","-0.127","0.99","3.15","0","-120","0.186","0.087","0.979"
"5.303555","-3.15","0","-120","0.061","-0.127","0.99","3.15","0","-120","0.186","0.087","0.979"
"5.317735","-3.15","0","-120","0.061","-0.127","0.99","3.15","0","-120","0.186","0.087","0.979"
"5.332207","-3.15","0","-120","0.061","-0.127","0.99","3.15","0","-120","0.186","0.087","0.979"
"5.347043","-3.15","0","-120","0.061","-0.127","0.99","3.15","0","-120","0.186","0.087","0.979"
"5.360837","-3.15","0","-120","0.061","-0.127","0.99","3.15","0","-120","0.186","0.087","0.979"
"5.374841","-3.15","0","-120","0.061","-0.127","0.99","3.15","0","-120","0.186","0.087","0.979"
"5.389177","-3.15","0","-120","0.061","-0.127","0.99","3.15","0","-120","0.186","0.087","0.979"
"5.403531","-3.15","0","-120","0.061","-0.127","0.99","3.15","0","-120","0.186","0.087","0.979"
"5.41781","-3.15","0","-120","0.061","-0.127","0.99","3.15","0","-120","0.186","0.087","0.979"
"5.432403","-3.15","0","-120","0.061","-0.127","0.99","3.15","0","-120","0.186","0.087","0.979"
"5.446414","-3.15","0","-120","0.061","-0.127","0.99","3.15","0","-120","0.186","0.087","0.979"
"5.460889","-3.15","0","-120","0.061","-0.127","0.99","3.15","0","-120","0.186","0.087","0.979"
"5.474996","-3.15","0","-120","0.061","-0.127","0.99","3.15","0","-120","0.186","0.087","0.979"
"5.489041","-3.15","0","-120","0.061","-0.127","0.99","3.15","0","-120","0.186","0.087","0.979"
"5.503479","-3.15","0","-120","0.061","-0.127","0.99","3.15","0","-120","0.186","0.087","0.979"
"5.51776","-3.15","0","-120","0.061","-0.127","0.99","3.15","0","-120","0.186","0.087","0.979"
"5.532014","-3.15","0","-120","0.061","-0.127","0.99","3.15","0","-120","0.186","0.087","0.979"
"5.546355","-3.15","0","-120","0.061","-0.127","0.99","3.15","0","-120","0.186","0.087","0.979"
"5.56077","-3.15","0","-120","0.061","-0.127","0.99","3.15","0","-120","0.186","0.087","0.979"
"5.575075","-3.15","0","-120","0.061","-0.127","0.99","3.15","0","-120","0.186","0.087","0.979"
"5.589162","-3.15","0","-120","0.061","-0.127","0.99","3.15","0","-120","0.186","0.087","0.979"
"5.603493","-3.15","0","-120","0.061","-0.127","0.99","3.15","0","-120","0.186","0.087","0.979"
"5.617861","-3.15","0","-120","0.061","-0.127","0.99","3.15","0","-120","0.186","0.087","0.979"
"5.632274","-3.15","0","-120","0.061","-0.127","0.99","3.15","0","-120","0.186","0.087","0.979"
"5.646369","-3.15","0","-120","0.061","-0.127","0.99","3.15","0","-120","0.186","0.087","0.979"
"5.660783","-3.15","0","-120","0.061","-0.127","0.99","3.15","0","-120","0.186","0.087","0.979"
"5.674874","-3.15","0","-120","0.061","-0.127","0.99","3.15","0","-120","0.186","0.087","0.979"
"5.689087","-3.15","0","-120","0.061","-0.127","0.99","3.15","0","-120","0.186","0.087","0.979"
"5.703603","-3.15","0","-120","0.061","-0.127","0.99","3.15","0","-120","0.186","0.087","0.979"
"5.717722","-3.15","0","-120","0.061","-0.127","0.99","3.15","0","-120","0.186","0.087","0.979"
"5.7321","-3.15","0","-120","0.061","-0.127","0.99","3.15","0","-120","0.186","0.087","0.979"
"5.746378","-3.15","0","-120","0.061","-0.127","0.99","3.15","0","-120","0.186","0.087","0.979"
"5.76074","-3.15","0","-120","0.061","-0.127","0.99","3.15","0","-120","0.186","0.087","0.979"
"5.774953","-3.15","0","-120","0.061","-0.127","0.99","3.15","0","-120","0.186","0.087","0.979"
"5.789188","-3.15","0","-120","0.061","-0.127","0.99","3.15","0","-120","0.186","0.087","0.979"
"5.803626","-3.15","0","-120","0.061","-0.127","0.99","3.15","0","-120","0.186","0.087","0.979"
"5.81783","-3.15","0","-120","0.061","-0.127","0.99","3.15","0","-120","0.186","0.087","0.979"
"5.831987","-3.15","0","-120","0.061","-0.127","0.99","3.15","0","-120","0.186","0.087","0.979"
"5.846908","-3.15","0","-120","0.061","-0.127","0.99","3.15","0","-120","0.186","0.087","0.979"
"5.861492","-3.15","0","-120","0.061","-0.127","0.99","3.15","0","-120","0.186","0.087","0.979"
"5.874837","-3.15","0","-120","0.061","-0.127","0.99","3.15","0","-120","0.186","0.087","0.979"
"5.889144","-3.15","0","-120","0.061","-0.127","0.99","3.15","0","-120","0.186","0.087","0.979"
"5.903515","-3.15","0","-120","0.061","-0.127","0.99","3.15","0","-120","0.186","0.087","0.979"
"5.917744","-3.15","0","-120","0.061","-0.127","0.99","3.15","0","-120","0.186","0.087","0.979"
"5.932145","-3.15","0","-120","0.061","-0.127","0.99","3.15","0","-120","0.186","0.087","0.979"
"5.946425","-3.15","0","-120","0.061","-0.127","0.99","3.15","0","-120","0.186","0.087","0.979"
"5.960768","-3.15","0","-120","0.061","-0.127","0.99","3.15","0","-120","0.186","0.087","0.979"
"5.974829","-3.15","0","-120","0.061","-0.127","0.99","3.15","0","-120","0.186","0.087","0.979"
"5.989324","-3.15","0","-120","0.061","-0.127","0.99","3.15","0","-120","0.186","0.087","0.979"
"6.010171","-3.15","0","-120","0.061","-0.127","0.99","3.15","0","-120","0.186","0.087","0.979"
"6.017734","-3.15","0","-120","0.061","-0.127","0.99","3.15","0","-120","0.186","0.087","0.979"
"6.032023","-3.15","0","-120","0.061","-0.127","0.99","3.15","0","-120","0.186","0.087","0.979"
"6.04641","-3.15","0","-120","0.061","-0.127","0.99","3.15","0","-120","0.186","0.087","0.979"
"6.061182","-3.15","0","-120","0.061","-0.127","0.99","3.15","0","-120","0.186","0.087","0.979"
"6.074863","-3.15","0","-120","0.061","-0.127","0.99","3.15","0","-120","0.186","0.087","0.979"
"6.089196","-3.15","0","-120","0.061","-0.127","0.99","3.15","0","-120","0.186","0.087","0.979"
"6.10352","-3.15","0","-120","0.061","-0.127","0.99","3.15","0","-120","0.186","0.087","0.979"
"6.11761","-3.15","0","-120","0.061","-0.127","0.99","3.15","0","-120","0.186","0.087","0.979"
"6.131962","-3.15","0","-120","0.061","-0.127","0.99","3.15","0","-120","0.186","0.087","0.979"
"6.146393","-3.15","0","-120","0.061","-0.127","0.99","3.15","0","-120","0.186","0.087","0.979"
"6.161801","-3.15","0","-120","0.061","-0.127","0.99","3.15","0","-120","0.186","0.087","0.979"
"6.174943","-3.15","0","-120","0.061","-0.127","0.99","3.15","0","-120","0.186","0.087","0.979"
"6.189209","-3.15","0","-120","0.061","-0.127","0.99","3.15","0","-120","0.186","0.087","0.979"
"6.203592","-3.15","0","-120","0.061","-0.127","0.99","3.15","0","-120","0.186","0.087","0.979"
"6.217652","-3.15","0","-120","0.061","-0.127","0.99","3.15","0","-120","0.186","0.087","0.979"
"6.232063","-3.15","0","-120","0.061","-0.127","0.99","3.15","0","-120","0.186","0.087","0.979"
"6.24621","-3.15","0","-120","0.061","-0.127","0.99","3.15","0","-120","0.186","0.087","0.979"
"6.260721","-3.15","0","-120","0.061","-0.127","0.99","3.15","0","-120","0.186","0.087","0.979"
"6.275165","-3.15","0","-120","0.061","-0.127","0.99","3.15","0","-120","0.186","0.087","0.979"
"6.289156","-3.15","0","-120","0.061","-0.127","0.99","3.15","0","-120","0.186","0.087","0.979"
"6.303471","-3.15","0","-120","0.061","-0.127","0.99","3.15","0","-120","0.186","0.087","0.979"
"6.317651","-3.15","0","-120","0.061","-0.127","0.99","3.15","0","-120","0.186","0.087","0.979"
"6.331965","-3.15","0","-120","0.061","-0.127","0.99","3.15","0","-120","0.186","0.087","0.979"
"6.346214","-3.15","0","-120","0.061","-0.127","0.99","3.15","0","-120","0.186","0.087","0.979"
"6.360688","-3.15","0","-120","0.061","-0.127","0.99","3.15","0","-120","0.186","0.087","0.979"
"6.375652","-3.15","0","-120","0.061","-0.127","0.99","3.15","0","-120","0.186","0.087","0.979"
"6.389327","-3.15","0","-120","0.061","-0.127","0.99","3.15","0","-120","0.186","0.087","0.979"
"6.403495","-3.15","0","-120","0.061","-0.127","0.99","3.15","0","-120","0.186","0.087","0.979"
"6.417808","-3.15","0","-120","0.061","-0.127","0.99","3.15","0","-120","0.186","0.087","0.979"
"6.432056","-3.15","0","-120","0.061","-0.127","0.99","3.15","0","-120","0.186","0.087","0.979"
"6.446264","-3.15","0","-120","0.061","-0.127","0.99","3.15","0","-120","0.186","0.087","0.979"
"6.460756","-3.15","0","-120","0.061","-0.127","0.99","3.15","0","-120","0.186","0.087","0.979"
"6.474757","-3.15","0","-120","0.061","-0.127","0.99","3.15","0","-120","0.186","0.087","0.979"
"6.489483","-3.15","0","-120","0.061","-0.127","0.99","3.15","0","-120","0.186","0.087","0.979"
"6.503574","-3.15","0","-120","0.061","-0.127","0.99","3.15","0","-120","0.186","0.087","0.979"
"6.517711","-3.15","0","-120","0.061","-0.127","0.99","3.15","0","-120","0.186","0.087","0.979"
"6.532221","-3.15","0","-120","0.061","-0.127","0.99","3.15","0","-120","0.186","0.087","0.979"
"6.546235","-3.15","0","-120","0.061","-0.127","0.99","3.15","0","-120","0.186","0.087","0.979"
"6.560799","-3.15","0","-120","0.061","-0.127","0.99","3.15","0","-120","0.186","0.087","0.979"
"6.574911","-3.15","0","-120","0.061","-0.127","0.99","3.15","0","-120","0.186","0.087","0.979"
"6.589025","-3.15","0","-120","0.061","-0.127","0.99","3.15","0","-120","0.186","0.087","0.979"
"6.603554","-3.15","0","-120","0.061","-0.127","0.99","3.15","0","-120","0.186","0.087","0.979"
"6.617751","-3.15","0","-120","0.061","-0.127","0.99","3.15","0","-120","0.186","0.087","0.979"
"6.632077","-3.15","0","-120","0.061","-0.127","0.99","3.15","0","-120","0.186","0.087","0.979"
"6.646345","-3.15","0","-120","0.061","-0.127","0.99","3.15","0","-120","0.186","0.087","0.979"
"6.660722","-3.15","0","-120","0.061","-0.127","0.99","3.15","0","-120","0.186","0.087","0.979"
"6.674942","-3.15","0","-120","0.061","-0.127","0.99","3.15","0","-120","0.186","0.087","0.979"
"6.689319","-3.15","0","-120","0.061","-0.127","0.99","3.15","0","-120","0.186","0.087","0.979"
"6.703595","-3.15","0","-120","0.061","-0.127","0.99","3.15","0","-120","0.186","0.087","0.979"
"6.717725","-3.15","0","-120","0.061","-0.127","0.99","3.15","0","-120","0.186","0.087","0.979"
"6.731956","-3.15","0","-120","0.061","-0.127","0.99","3.15","0","-120","0.186","0.087","0.979"
"6.746336","-3.15","0","-120","0.061","-0.127","0.99","3.15","0","-120","0.186","0.087","0.979"
"6.760715","-3.15","0","-120","0.061","-0.127","0.99","3.15","0","-120","0.186","0.087","0.979"
"6.774857","-3.15","0","-120","0.061","-0.127","0.99","3.15","0","-120","0.186","0.087","0.979"
"6.789158","-3.15","0","-120","0.061","-0.127","0.99","3.15","0","-120","0.186","0.087","0.979"
"6.803515","-3.15","0","-120","0.061","-0.127","0.99","3.15","0","-120","0.186","0.087","0.979"
"6.817935","-3.15","0","-120","0.061","-0.127","0.99","3.15","0","-120","0.186","0.087","0.979"
"6.831939","-3.15","0","-120","0.061","-0.127","0.99","3.15","0","-120","0.186","0.087","0.979"
"6.846511","-3.15","0","-120","0.061","-0.127","0.99","3.15","0","-120","0.186","0.087","0.979"
"6.860836","-3.15","0","-120","0.061","-0.127","0.99","3.15","0","-120","0.186","0.087","0.979"
"6.874772","-3.15","0","-120","0.061","-0.127","0.99","3.15","0","-120","0.186","0.087","0.979"
"6.88995","-3.15","0","-120","0.061","-0.127","0.99","3.15","0","-120","0.186","0.087","0.979"
"6.903869","-3.15","0","-120","0.061","-0.127","0.99","3.15","0","-120","0.186","0.087","0.979"
"6.917782","-3.15","0","-120","0.061","-0.127","0.99","3.15","0","-120","0.186","0.087","0.979"
"6.932018","-3.15","0","-120","0.061","-0.127","0.99","3.15","0","-120","0.186","0.087","0.979"
"6.946288","-3.15","0","-120","0.061","-0.127","0.99","3.15","0","-120","0.186","0.087","0.979"
"6.960694","-3.15","0","-120","0.061","-0.127","0.99","3.15","0","-120","0.186","0.087","0.979"
"6.975026","-3.15","0","-120","0.061","-0.127","0.99","3.15","0","-120","0.186","0.087","0.979"
"6.98909","-3.15","0","-120","0.061","-0.127","0.99","3.15","0","-120","0.186","0.087","0.979"
"7.003458","-3.15","0","-120","0.061","-0.127","0.99","3.15","0","-120","0.186","0.087","0.979"
"7.017809","-3.15","0","-120","0.061","-0.127","0.99","3.15","0","-120","0.186","0.087","0.979"
"7.031946","-3.15","0","-120","0.061","-0.127","0.99","3.15","0","-120","0.186","0.087","0.979"
"7.046253","-3.15","0","-120","0.061","-0.127","0.99","3.15","0","-120","0.186","0.087","0.979"
"7.06077","-3.15","0","-120","0.061","-0.127","0.99","3.15","0","-120","0.186","0.087","0.979"
"7.074791","-3.15","0","-120","0.061","-0.127","0.99","3.15","0","-120","0.186","0.087","0.979"
"7.089101","-3.15","0","-120","0.061","-0.127","0.99","3.15","0","-120","0.186","0.087","0.979"
"7.103481","-3.15","0","-120","0.061","-0.127","0.99","3.15","0","-120","0.186","0.087","0.979"
"7.117917","-3.15","0","-120","0.061","-0.127","0.99","3.15","0","-120","0.186","0.087","0.979"
"7.131872","-3.15","0","-120","0.061","-0.127","0.99","3.15","0","-120","0.186","0.087","0.979"
"7.146172","-3.15","0","-120","0.061","-0.127","0.99","3.15","0","-120","0.186","0.087","0.979"
"7.160763","-3.15","0","-120","0.061","-0.127","0.99","3.15","0","-120","0.186","0.087","0.979"
"7.174899","-3.15","0","-120","0.061","-0.127","0.99","3.15","0","-120","0.186","0.087","0.979"
"7.19051","-3.15","0","-120","0.061","-0.127","0.99","3.15","0","-120","0.186","0.087","0.979"
"7.203511","-3.15","0","-120","0.061","-0.127","0.99","3.15","0","-120","0.186","0.087","0.979"
"7.217821","-3.15","0","-120","0.061","-0.127","0.99","3.15","0","-120","0.186","0.087","0.979"
"7.23208","-3.15","0","-120","0.061","-0.127","0.99","3.15","0","-120","0.186","0.087","0.979"
"7.24643","-3.15","0","-120","0.061","-0.127","0.99","3.15","0","-120","0.186","0.087","0.979"
"7.260694","-3.15","0","-120","0.061","-0.127","0.99","3.15","0","-120","0.186","0.087","0.979"
"7.27501","-3.15","0","-120","0.061","-0.127","0.99","3.15","0","-120","0.186","0.087","0.979"
"7.289176","-3.15","0","-120","0.061","-0.127","0.99","3.15","0","-120","0.186","0.087","0.979"
"7.303438","-3.15","0","-120","0.061","-0.127","0.99","3.15","0","-120","0.186","0.087","0.979"
"7.317947","-3.15","0","-120","0.061","-0.127","0.99","3.15","0","-120","0.186","0.087","0.979"
"7.332054","-3.15","0","-120","0.061","-0.127","0.99","3.15","0","-120","0.186","0.087","0.979"
"7.346271","-3.15","0","-120","0.061","-0.127","0.99","3.15","0","-120","0.186","0.087","0.979"
"7.360681","-3.15","0","-120","0.061","-0.127","0.99","3.15","0","-120","0.186","0.087","0.979"
"7.374844","-3.15","0","-120","0.061","-0.127","0.99","3.15","0","-120","0.186","0.087","0.979"
"7.389301","-3.15","0","-120","0.061","-0.127","0.99","3.15","0","-120","0.186","0.087","0.979"
"7.404482","-3.15","0","-120","0.061","-0.127","0.99","3.15","0","-120","0.186","0.087","0.979"
"7.417729","-3.15","0","-120","0.061","-0.127","0.99","3.15","0","-120","0.186","0.087","0.979"
"7.432018","-3.15","0","-120","0.061","-0.127","0.99","3.15","0","-120","0.186","0.087","0.979"
"7.446315","-3.15","0","-120","0.061","-0.127","0.99","3.15","0","-120","0.186","0.087","0.979"
"7.460674","-3.15","0","-120","0.061","-0.127","0.99","3.15","0","-120","0.186","0.087","0.979"
"7.474893","-3.15","0","-120","0.061","-0.127","0.99","3.15","0","-120","0.186","0.087","0.979"
"7.489171","-3.15","0","-120","0.061","-0.127","0.99","3.15","0","-120","0.186","0.087","0.979"
"7.503484","-3.15","0","-120","0.061","-0.127","0.99","3.15","0","-120","0.186","0.087","0.979"
"7.517932","-3.15","0","-120","0.061","-0.127","0.99","3.15","0","-120","0.186","0.087","0.979"
"7.532025","-3.15","0","-120","0.061","-0.127","0.99","3.15","0","-120","0.186","0.087","0.979"
"7.546251","-3.15","0","-120","0.061","-0.127","0.99","3.15","0","-120","0.186","0.087","0.979"
"7.560657","-3.15","0","-120","0.061","-0.127","0.99","3.15","0","-120","0.186","0.087","0.979"
"7.574846","-3.15","0","-120","0.061","-0.127","0.99","3.15","0","-120","0.186","0.087","0.979"
"7.589038","-3.15","0","-120","0.061","-0.127","0.99","3.15","0","-120","0.186","0.087","0.979"
"7.603307","-3.15","0","-120","0.061","-0.127","0.99","3.15","0","-120","0.186","0.087","0.979"
"7.617631","-3.15","0","-120","0.061","-0.127","0.99","3.15","0","-120","0.186","0.087","0.979"
"7.631939","-3.15","0","-120","0.061","-0.127","0.99","3.15","0","-120","0.186","0.087","0.979"
"7.646398","-3.15","0","-120","0.061","-0.127","0.99","3.15","0","-120","0.186","0.087","0.979"
"7.660645","-3.15","0","-120","0.061","-0.127","0.99","3.15","0","-120","0.186","0.087","0.979"
"7.674915","-3.15","0","-120","0.061","-0.127","0.99","3.15","0","-120","0.186","0.087","0.979"
"7.688998","-3.15","0","-120","0.061","-0.127","0.99","3.15","0","-120","0.186","0.087","0.979"
"7.703481","-3.15","0","-120","0.061","-0.127","0.99","3.15","0","-120","0.186","0.087","0.979"
"7.71777","-3.15","0","-120","0.061","-0.127","0.99","3.15","0","-120","0.186","0.087","0.979"
"7.732277","-3.15","0","-120","0.061","-0.127","0.99","3.15","0","-120","0.186","0.087","0.979"
"7.746315","-3.15","0","-120","0.061","-0.127","0.99","3.15","0","-120","0.186","0.087","0.979"
"7.760686","-3.15","0","-120","0.061","-0.127","0.99","3.15","0","-120","0.186","0.087","0.979"
"7.774748","-3.15","0","-120","0.061","-0.127","0.99","3.15","0","-120","0.186","0.087","0.979"
"7.789007","-3.15","0","-120","0.061","-0.127","0.99","3.15","0","-120","0.186","0.087","0.979"
"7.803384","-3.15","0","-120","0.061","-0.127","0.99","3.15","0","-120","0.186","0.087","0.979"
"7.817763","-3.15","0","-120","0.061","-0.127","0.99","3.15","0","-120","0.186","0.087","0.979"
"7.831935","-3.15","0","-120","0.061","-0.127","0.99","3.15","0","-120","0.186","0.087","0.979"
"7.846289","-3.15","0","-120","0.061","-0.127","0.99","3.15","0","-120","0.186","0.087","0.979"
"7.860673","-3.15","0","-120","0.061","-0.127","0.99","3.15","0","-120","0.186","0.087","0.979"
"7.874919","-3.15","0","-120","0.061","-0.127","0.99","3.15","0","-120","0.186","0.087","0.979"
"7.889087","-3.15","0","-120","0.061","-0.127","0.99","3.15","0","-120","0.186","0.087","0.979"
"7.903364","-3.15","0","-120","0.061","-0.127","0.99","3.15","0","-120","0.186","0.087","0.979"
"7.918461","-3.15","0","-120","0.061","-0.127","0.99","3.15","0","-120","0.186","0.087","0.979"
"7.93226","-3.15","0","-120","0.061","-0.127","0.99","3.15","0","-120","0.186","0.087","0.979"
"7.94626","-3.15","0","-120","0.061","-0.127","0.99","3.15","0","-120","0.186","0.087","0.979"
"7.960893","-3.15","0","-120","0.061","-0.127","0.99","3.15","0","-120","0.186","0.087","0.979"
"7.974845","-3.15","0","-120","0.061","-0.127","0.99","3.15","0","-120","0.186","0.087","0.979"
"7.989149","-3.15","0","-120","0.061","-0.127","0.99","3.15","0","-120","0.186","0.087","0.979"
"8.003621","-3.15","0","-120","0.061","-0.127","0.99","3.15","0","-120","0.186","0.087","0.979"
"8.017805","-3.15","0","-120","0.061","-0.127","0.99","3.15","0","-120","0.186","0.087","0.979"
"8.031946","-3.15","0","-120","0.061","-0.127","0.99","3.15","0","-120","0.186","0.087","0.979"
"8.046516","-3.15","0","-120","0.061","-0.127","0.99","3.15","0","-120","0.186","0.087","0.979"
"8.060653","-3.15","0","-120","0.061","-0.127","0.99","3.15","0","-120","0.186","0.087","0.979"
"8.074823","-3.15","0","-120","0.061","-0.127","0.99","3.15","0","-120","0.186","0.087","0.979"
"8.089149","-3.15","0","-120","0.061","-0.127","0.99","3.15","0","-120","0.186","0.087","0.979"
"8.103601","-3.15","0","-120","0.061","-0.127","0.99","3.15","0","-120","0.186","0.087","0.979"
"8.117929","-3.15","0","-120","0.061","-0.127","0.99","3.15","0","-120","0.186","0.087","0.979"
"8.132032","-3.15","0","-120","0.061","-0.127","0.99","3.15","0","-120","0.186","0.087","0.979"
"8.14685","-3.15","0","-120","0.061","-0.127","0.99","3.15","0","-120","0.186","0.087","0.979"
"8.160857","-3.15","0","-120","0.061","-0.127","0.99","3.15","0","-120","0.186","0.087","0.979"
"8.174949","-3.15","0","-120","0.061","-0.127","0.99","3.15","0","-120","0.186","0.087","0.979"
"8.189099","-3.15","0","-120","0.061","-0.127","0.99","3.15","0","-120","0.186","0.087","0.979"
"8.203524","-3.15","0","-120","0.061","-0.127","0.99","3.15","0","-120","0.186","0.087","0.979"
"8.217708","-3.15","0","-120","0.061","-0.127","0.99","3.15","0","-120","0.186","0.087","0.979"
"8.232169","-3.15","0","-120","0.061","-0.127","0.99","3.15","0","-120","0.186","0.087","0.979"
"8.246347","-3.15","0","-120","0.07","-0.131","0.989","3.15","0","-120","0.196","0.083","0.977"
"8.260687","-3.15","0","-120","0.073","-0.131","0.989","3.15","0","-120","-0.098","-0.104","0.99"
"8.274948","-3.15","0","-120","0.074","-0.132","0.989","3.15","0","-120","-0.094","-0.106","0.99"
"8.289192","-3.15","0","-120","-0.072","-0.157","0.985","3.15","0","-120","-0.093","-0.116","0.989"
"8.303535","-3.15","0","-120","-0.071","-0.158","0.985","3.15","0","-120","-0.092","-0.126","0.988"
"8.317599","-3.15","0","-120","-0.068","-0.159","0.985","3.15","0","-120","-0.088","-0.125","0.988"
"8.331969","-3.15","0","-120","-0.065","-0.159","0.985","3.15","0","-120","-0.086","-0.125","0.988"
"8.346412","-3.15","0","-120","-0.06","-0.161","0.985","3.15","0","-120","-0.082","-0.126","0.989"
"8.360927","-3.15","0","-120","-0.053","-0.164","0.985","3.15","0","-120","-0.077","-0.128","0.989"
"8.374963","-3.15","0","-120","-0.051","-0.164","0.985","3.15","0","-120","-0.074","-0.128","0.989"
"8.38909","-3.15","0","-120","-0.041","-0.164","0.986","3.15","0","-120","-0.067","-0.128","0.99"
"8.403445","-3.15","0","-120","-0.032","-0.168","0.985","3.15","0","-120","-0.059","-0.128","0.99"
"8.417691","-3.15","0","-120","-0.026","-0.173","0.985","3.15","0","-120","-0.056","-0.129","0.99"
"8.432832","-3.15","0","-120","-0.02","-0.176","0.984","3.15","0","-120","-0.05","-0.131","0.99"
"8.446198","-3.15","0","-120","-0.015","-0.181","0.983","3.15","0","-120","-0.045","-0.132","0.99"
"8.460651","-3.15","0","-120","-0.015","-0.185","0.983","3.15","0","-120","-0.043","-0.132","0.99"
"8.474898","-3.15","0","-120","-0.023","-0.198","0.98","3.15","0","-120","-0.062","-0.122","0.991"
"8.489403","-3.15","0","-120","-0.025","-0.203","0.979","3.15","0","-120","-0.062","-0.122","0.991"
"8.503502","-3.15","0","-120","-0.025","-0.203","0.979","3.15","0","-120","-0.061","-0.124","0.99"
"8.517677","-3.15","0","-120","-0.024","-0.203","0.979","3.15","0","-120","-0.061","-0.127","0.99"
"8.532049","-3.15","0","-120","-0.025","-0.2","0.979","3.15","0","-120","-0.062","-0.128","0.99"
"8.546222","-3.15","0","-120","-0.022","-0.176","0.984","3.15","0","-120","-0.064","-0.131","0.989"
"8.560596","-3.15","0","-120","-0.021","-0.167","0.986","3.15","0","-120","-0.067","-0.131","0.989"
"8.575127","-3.15","0","-120","-0.02","-0.162","0.987","3.15","0","-120","-0.067","-0.131","0.989"
"8.589275","-3.15","0","-120","0.068","-0.159","0.985","3.15","0","-120","0.091","-0.167","0.982"
"8.603456","-3.15","0","-120","0.079","-0.171","0.982","3.15","0","-120","0.168","-0.173","0.97"
"8.617731","-3.15","0","-120","0.139","-0.186","0.973","3.15","0","-120","0.219","-0.18","0.959"
"8.631917","-3.15","0","-120","0.141","-0.182","0.973","3.15","0","-120","0.219","-0.181","0.959"
"8.646298","-3.15","0","-120","0.148","-0.181","0.972","3.15","0","-120","0.216","-0.183","0.959"
"8.660765","-3.15","0","-120","0.154","-0.175","0.973","3.15","0","-120","0.214","-0.184","0.959"
"8.674805","-3.15","0","-120","0.154","-0.172","0.973","3.15","0","-120","0.209","-0.188","0.96"
"8.689177","-3.15","0","-120","0.154","-0.169","0.973","3.15","0","-120","0.197","-0.191","0.962"
"8.703434","-3.15","0","-120","0.155","-0.164","0.974","3.15","0","-120","0.204","-0.189","0.961"
"8.717658","-3.15","0","-120","0.155","-0.161","0.975","3.15","0","-120","0.203","-0.184","0.962"
"8.731924","-3.15","0","-120","0.154","-0.159","0.975","3.15","0","-120","0.202","-0.177","0.963"
"8.746257","-3.15","0","-120","0.155","-0.156","0.975","3.15","0","-120","0.206","-0.162","0.965"
"8.760567","-3.15","0","-120","0.155","-0.155","0.976","3.15","0","-120","0.206","-0.16","0.965"
"8.774849","-3.15","0","-120","0.155","-0.153","0.976","3.15","0","-120","0.203","-0.158","0.966"
"8.789292","-3.15","0","-120","0.154","-0.151","0.976","3.15","0","-120","0.201","-0.153","0.968"
"8.803563","-3.15","0","-120","0.154","-0.15","0.977","3.15","0","-120","0.203","-0.15","0.968"
"8.817729","-3.15","0","-120","0.153","-0.15","0.977","3.15","0","-120","0.202","-0.15","0.968"
"8.83209","-3.15","0","-120","0.151","-0.149","0.977","3.15","0","-120","0.192","-0.141","0.971"
"8.846127","-3.15","0","-120","0.147","-0.151","0.978","3.15","0","-120","0.191","-0.142","0.971"
"8.860617","-3.15","0","-120","0.146","-0.15","0.978","3.15","0","-120","0.19","-0.142","0.972"
"8.874929","-3.15","0","-120","0.181","-0.148","0.972","3.15","0","-120","0.246","-0.134","0.96"
"8.889691","-3.15","0","-120","0.184","-0.148","0.972","3.15","0","-120","0.242","-0.132","0.961"
"8.903601","-3.15","0","-120","0.184","-0.148","0.972","3.15","0","-120","0.24","-0.131","0.962"
"8.917786","-3.15","0","-120","0.182","-0.149","0.972","3.15","0","-120","0.227","-0.14","0.964"
"8.931997","-3.15","0","-120","0.18","-0.149","0.972","3.15","0","-120","0.219","-0.16","0.962"
"8.947054","-3.15","0","-120","0.18","-0.15","0.972","3.15","0","-120","0.217","-0.16","0.963"
"8.960725","-3.15","0","-120","0.177","-0.15","0.973","3.15","0","-120","0.22","-0.162","0.962"
"8.974826","-3.15","0","-120","0.175","-0.153","0.973","3.15","0","-120","0.234","-0.163","0.958"
"8.989032","-3.15","0","-120","0.174","-0.152","0.973","3.15","0","-120","0.237","-0.154","0.959"
"9.003852","-3.15","0","-120","0.175","-0.151","0.973","3.15","0","-120","0.236","-0.152","0.96"
"9.017817","-3.15","0","-120","0.176","-0.151","0.973","3.15","0","-120","0.234","-0.15","0.961"
"9.032137","-3.15","0","-120","0.175","-0.151","0.973","3.15","0","-120","0.233","-0.149","0.961"
"9.046213","-3.15","0","-120","0.175","-0.152","0.973","3.15","0","-120","0.233","-0.142","0.962"
"9.060732","-3.15","0","-120","0.174","-0.154","0.973","3.15","0","-120","0.251","-0.137","0.958"
"9.074836","-3.15","0","-120","0.168","-0.163","0.972","3.15","0","-120","0.249","-0.137","0.959"
"9.089088","-3.15","0","-120","0.166","-0.163","0.973","3.15","0","-120","0.248","-0.137","0.959"
"9.103424","-3.15","0","-120","0.163","-0.163","0.973","3.15","0","-120","0.183","-0.277","0.943"
"9.117871","-3.15","0","-120","0.16","-0.163","0.973","3.15","0","-120","0.239","-0.122","0.963"
"9.131869","-3.15","0","-120","0.16","-0.167","0.973","3.15","0","-120","0.238","-0.121","0.964"
"9.146337","-3.15","0","-120","0.159","-0.167","0.973","3.15","0","-120","0.238","-0.12","0.964"
"9.160862","-3.15","0","-120","0.16","-0.164","0.973","3.15","0","-120","0.239","-0.119","0.964"
"9.174765","-3.15","0","-120","0.161","-0.164","0.973","3.15","0","-120","0.242","-0.119","0.963"
"9.189141","-3.15","0","-120","0.163","-0.164","0.973","3.15","0","-120","0.245","-0.119","0.962"
"9.203708","-3.15","0","-120","0.166","-0.164","0.972","3.15","0","-120","0.25","-0.12","0.961"
"9.217744","-3.15","0","-120","0.171","-0.163","0.972","3.15","0","-120","0.255","-0.12","0.96"
"9.231912","-3.15","0","-120","0.177","-0.161","0.971","3.15","0","-120","0.259","-0.119","0.959"
"9.246346","-3.15","0","-120","0.18","-0.16","0.971","3.15","0","-120","0.261","-0.118","0.958"
"9.260683","-3.15","0","-120","0.179","-0.16","0.971","3.15","0","-120","0.264","-0.116","0.957"
"9.274809","-3.15","0","-120","0.178","-0.157","0.971","3.15","0","-120","0.264","-0.116","0.957"
"9.289036","-3.15","0","-120","0.177","-0.157","0.972","3.15","0","-120","0.264","-0.116","0.958"
"9.303621","-3.15","0","-120","0.176","-0.156","0.972","3.15","0","-120","0.261","-0.116","0.958"
"9.317735","-3.15","0","-120","0.169","-0.157","0.973","3.15","0","-120","0.604","-0.397","0.691"
"9.332055","-3.15","0","-120","0.168","-0.155","0.974","3.15","0","-120","0.24","-0.117","0.964"
"9.346376","-3.15","0","-120","0.164","-0.153","0.974","3.15","0","-120","0.239","-0.115","0.964"
"9.360567","-3.15","0","-120","0.155","-0.154","0.976","3.15","0","-120","0.239","-0.113","0.964"
"9.374849","-3.15","0","-120","0.112","-0.168","0.979","3.15","0","-120","0.239","-0.112","0.965"
"9.389095","-3.15","0","-120","0.084","-0.168","0.982","3.15","0","-120","0.239","-0.11","0.965"
"9.40392","-3.15","0","-120","0.047","-0.151","0.987","3.15","0","-120","0.238","-0.109","0.965"
"9.41774","-3.15","0","-120","-0.007","-0.129","0.992","3.15","0","-120","0.238","-0.109","0.965"
"9.43188","-3.15","0","-120","-0.008","-0.129","0.992","3.15","0","-120","0.131","-0.142","0.981"
"9.446342","-3.15","0","-120","-0.004","-0.12","0.993","3.15","0","-120","0.222","-0.148","0.964"
"9.461401","-3.15","0","-120","-0.003","-0.109","0.994","3.15","0","-120","0.223","-0.147","0.964"
"9.474784","-3.15","0","-120","0.001","-0.104","0.995","3.15","0","-120","0.223","-0.147","0.964"
"9.489058","-3.15","0","-120","0.04","-0.152","0.988","3.15","0","-120","0.222","-0.145","0.964"
"9.503368","-3.15","0","-120","0.019","-0.09","0.996","3.15","0","-120","0.22","-0.145","0.965"
"9.517724","-3.15","0","-120","0.023","-0.101","0.995","3.15","0","-120","0.219","-0.145","0.965"
"9.532007","-3.15","0","-120","0.04","-0.12","0.992","3.15","0","-120","0.218","-0.149","0.965"
"9.546161","-3.15","0","-120","-0.149","-0.172","0.974","3.15","0","-120","0.218","-0.153","0.964"
"9.560649","-3.15","0","-120","-0.009","-0.143","0.99","3.15","0","-120","0.218","-0.157","0.963"
"9.574722","-3.15","0","-120","-0.009","-0.145","0.989","3.15","0","-120","0.218","-0.159","0.963"
"9.589208","-3.15","0","-120","-0.01","-0.15","0.989","3.15","0","-120","0.217","-0.163","0.962"
"9.603756","-3.15","0","-120","-0.011","-0.154","0.988","3.15","0","-120","0.216","-0.168","0.962"
"9.617764","-3.15","0","-120","-0.012","-0.156","0.988","3.15","0","-120","0.215","-0.17","0.962"
"9.632119","-3.15","0","-120","-0.008","-0.129","0.992","3.15","0","-120","0.223","-0.149","0.963"
"9.646276","-3.15","0","-120","-0.008","-0.129","0.992","3.15","0","-120","0.223","-0.149","0.963"
"9.660757","-3.15","0","-120","-0.008","-0.129","0.992","3.15","0","-120","0.223","-0.149","0.963"
"9.67479","-3.15","0","-120","-0.008","-0.129","0.992","3.15","0","-120","0.223","-0.149","0.963"
"9.689283","-3.15","0","-120","-0.008","-0.129","0.992","3.15","0","-120","0.223","-0.149","0.963"
"9.703352","-3.15","0","-120","-0.008","-0.129","0.992","3.15","0","-120","0.223","-0.149","0.963"
"9.717809","-3.15","0","-120","-0.008","-0.129","0.992","3.15","0","-120","0.223","-0.149","0.963"
"9.732134","-3.15","0","-120","-0.008","-0.129","0.992","3.15","0","-120","0.223","-0.149","0.963"
"9.746197","-3.15","0","-120","-0.008","-0.129","0.992","3.15","0","-120","0.223","-0.149","0.963"
"9.760749","-3.15","0","-120","-0.008","-0.129","0.992","3.15","0","-120","0.223","-0.149","0.963"
"9.774884","-3.15","0","-120","-0.008","-0.129","0.992","3.15","0","-120","0.223","-0.149","0.963"
"9.789136","-3.15","0","-120","-0.008","-0.129","0.992","3.15","0","-120","0.223","-0.149","0.963"
"9.803496","-3.15","0","-120","-0.008","-0.129","0.992","3.15","0","-120","0.223","-0.149","0.963"
"9.817874","-3.15","0","-120","-0.008","-0.129","0.992","3.15","0","-120","0.223","-0.149","0.963"
"9.832146","-3.15","0","-120","-0.008","-0.129","0.992","3.15","0","-120","0.223","-0.149","0.963"
"9.846169","-3.15","0","-120","-0.008","-0.129","0.992","3.15","0","-120","0.223","-0.149","0.963"
"9.860622","-3.15","0","-120","-0.008","-0.129","0.992","3.15","0","-120","0.223","-0.149","0.963"
"9.874764","-3.15","0","-120","-0.008","-0.129","0.992","3.15","0","-120","0.223","-0.149","0.963"
"9.888972","-3.15","0","-120","-0.008","-0.129","0.992","3.15","0","-120","0.223","-0.149","0.963"
"9.903397","-3.15","0","-120","-0.008","-0.129","0.992","3.15","0","-120","0.223","-0.149","0.963"
"9.917578","-3.15","0","-120","-0.008","-0.129","0.992","3.15","0","-120","0.223","-0.149","0.963"
"9.931912","-3.15","0","-120","-0.008","-0.129","0.992","3.15","0","-120","0.223","-0.149","0.963"
"9.946155","-3.15","0","-120","-0.008","-0.129","0.992","3.15","0","-120","0.223","-0.149","0.963"
"9.960802","-3.15","0","-120","-0.008","-0.129","0.992","3.15","0","-120","0.223","-0.149","0.963"
"9.975647","-3.15","0","-120","-0.008","-0.129","0.992","3.15","0","-120","0.223","-0.149","0.963"
"9.989003","-3.15","0","-120","-0.008","-0.129","0.992","3.15","0","-120","0.223","-0.149","0.963"
"10.00333","-3.15","0","-120","-0.008","-0.129","0.992","3.15","0","-120","0.223","-0.149","0.963"
"10.01778","-3.15","0","-120","-0.008","-0.129","0.992","3.15","0","-120","0.223","-0.149","0.963"
"10.0323","-3.15","0","-120","-0.008","-0.129","0.992","3.15","0","-120","0.223","-0.149","0.963"
"10.04617","-3.15","0","-120","-0.008","-0.129","0.992","3.15","0","-120","0.223","-0.149","0.963"
"10.06068","-3.15","0","-120","-0.008","-0.129","0.992","3.15","0","-120","0.223","-0.149","0.963"
"10.07473","-3.15","0","-120","-0.008","-0.129","0.992","3.15","0","-120","0.223","-0.149","0.963"
"10.08901","-3.15","0","-120","-0.008","-0.129","0.992","3.15","0","-120","0.223","-0.149","0.963"
"10.10332","-3.15","0","-120","-0.008","-0.129","0.992","3.15","0","-120","0.223","-0.149","0.963"
"10.11767","-3.15","0","-120","-0.008","-0.129","0.992","3.15","0","-120","0.223","-0.149","0.963"
"10.13179","-3.15","0","-120","-0.008","-0.129","0.992","3.15","0","-120","0.223","-0.149","0.963"
"10.1462","-3.15","0","-120","-0.008","-0.129","0.992","3.15","0","-120","0.223","-0.149","0.963"
"10.16065","-3.15","0","-120","-0.008","-0.129","0.992","3.15","0","-120","0.223","-0.149","0.963"
"10.17476","-3.15","0","-120","-0.008","-0.129","0.992","3.15","0","-120","0.223","-0.149","0.963"
"10.18912","-3.15","0","-120","-0.008","-0.129","0.992","3.15","0","-120","0.223","-0.149","0.963"
"10.20334","-3.15","0","-120","-0.008","-0.129","0.992","3.15","0","-120","0.223","-0.149","0.963"
"10.21768","-3.15","0","-120","-0.008","-0.129","0.992","3.15","0","-120","0.223","-0.149","0.963"
"10.23192","-3.15","0","-120","-0.008","-0.129","0.992","3.15","0","-120","0.223","-0.149","0.963"
"10.24643","-3.15","0","-120","-0.008","-0.129","0.992","3.15","0","-120","0.223","-0.149","0.963"
"10.26074","-3.15","0","-120","-0.008","-0.129","0.992","3.15","0","-120","0.223","-0.149","0.963"
"10.27478","-3.15","0","-120","-0.008","-0.129","0.992","3.15","0","-120","0.223","-0.149","0.963"
"10.28911","-3.15","0","-120","-0.008","-0.129","0.992","3.15","0","-120","0.223","-0.149","0.963"
"10.30343","-3.15","0","-120","-0.008","-0.129","0.992","3.15","0","-120","0.223","-0.149","0.963"
"10.31772","-3.15","0","-120","-0.008","-0.129","0.992","3.15","0","-120","0.223","-0.149","0.963"
"10.33188","-3.15","0","-120","-0.008","-0.129","0.992","3.15","0","-120","0.223","-0.149","0.963"
"10.3462","-3.15","0","-120","-0.008","-0.129","0.992","3.15","0","-120","0.223","-0.149","0.963"
"10.36075","-3.15","0","-120","-0.008","-0.129","0.992","3.15","0","-120","0.223","-0.149","0.963"
"10.37481","-3.15","0","-120","-0.008","-0.129","0.992","3.15","0","-120","0.223","-0.149","0.963"
"10.38918","-3.15","0","-120","-0.008","-0.129","0.992","3.15","0","-120","0.223","-0.149","0.963"
"10.40362","-3.15","0","-120","-0.008","-0.129","0.992","3.15","0","-120","0.223","-0.149","0.963"
"10.41801","-3.15","0","-120","-0.008","-0.129","0.992","3.15","0","-120","0.223","-0.149","0.963"
"10.43238","-3.15","0","-120","-0.008","-0.129","0.992","3.15","0","-120","0.223","-0.149","0.963"
"10.44739","-3.15","0","-120","-0.008","-0.129","0.992","3.15","0","-120","0.223","-0.149","0.963"
"10.46171","-3.15","0","-120","-0.008","-0.129","0.992","3.15","0","-120","0.223","-0.149","0.963"
"10.47512","-3.15","0","-120","-0.008","-0.129","0.992","3.15","0","-120","0.223","-0.149","0.963"
"10.49046","-3.15","0","-120","-0.008","-0.129","0.992","3.15","0","-120","0.223","-0.149","0.963"
"10.50341","-3.15","0","-120","-0.008","-0.129","0.992","3.15","0","-120","0.223","-0.149","0.963"
"10.51767","-3.15","0","-120","-0.008","-0.129","0.992","3.15","0","-120","0.223","-0.149","0.963"
"10.532","-3.15","0","-120","-0.008","-0.129","0.992","3.15","0","-120","0.223","-0.149","0.963"
"10.54632","-3.15","0","-120","-0.008","-0.129","0.992","3.15","0","-120","0.223","-0.149","0.963"
"10.56126","-3.15","0","-120","-0.008","-0.129","0.992","3.15","0","-120","0.223","-0.149","0.963"
"10.57476","-3.15","0","-120","-0.008","-0.129","0.992","3.15","0","-120","0.223","-0.149","0.963"
"10.5896","-3.15","0","-120","-0.008","-0.129","0.992","3.15","0","-120","0.223","-0.149","0.963"
"10.60336","-3.15","0","-120","-0.008","-0.129","0.992","3.15","0","-120","0.223","-0.149","0.963"
"10.61767","-3.15","0","-120","-0.008","-0.129","0.992","3.15","0","-120","0.223","-0.149","0.963"
"10.63207","-3.15","0","-120","-0.008","-0.129","0.992","3.15","0","-120","0.223","-0.149","0.963"
"10.64623","-3.15","0","-120","-0.008","-0.129","0.992","3.15","0","-120","0.223","-0.149","0.963"
"10.66166","-3.15","0","-120","-0.008","-0.129","0.992","3.15","0","-120","0.223","-0.149","0.963"
"10.67474","-3.15","0","-120","-0.008","-0.129","0.992","3.15","0","-120","0.223","-0.149","0.963"
"10.68911","-3.15","0","-120","-0.008","-0.129","0.992","3.15","0","-120","0.223","-0.149","0.963"
"10.70335","-3.15","0","-120","-0.008","-0.129","0.992","3.15","0","-120","0.223","-0.149","0.963"
"10.71754","-3.15","0","-120","-0.008","-0.129","0.992","3.15","0","-120","0.223","-0.149","0.963"
"10.73187","-3.15","0","-120","-0.008","-0.129","0.992","3.15","0","-120","0.223","-0.149","0.963"
"10.74618","-3.15","0","-120","-0.008","-0.129","0.992","3.15","0","-120","0.223","-0.149","0.963"
"10.7612","-3.15","0","-120","-0.008","-0.129","0.992","3.15","0","-120","0.223","-0.149","0.963"
"10.77507","-3.15","0","-120","-0.008","-0.129","0.992","3.15","0","-120","0.223","-0.149","0.963"
"10.78924","-3.15","0","-120","-0.008","-0.129","0.992","3.15","0","-120","0.223","-0.149","0.963"
"10.80383","-3.15","0","-120","-0.008","-0.129","0.992","3.15","0","-120","0.223","-0.149","0.963"
"10.81757","-3.15","0","-120","-0.008","-0.129","0.992","3.15","0","-120","0.223","-0.149","0.963"
"10.83209","-3.15","0","-120","-0.008","-0.129","0.992","3.15","0","-120","0.223","-0.149","0.963"
"10.84612","-3.15","0","-120","-0.008","-0.129","0.992","3.15","0","-120","0.223","-0.149","0.963"
"10.86122","-3.15","0","-120","-0.008","-0.129","0.992","3.15","0","-120","0.223","-0.149","0.963"
"10.87505","-3.15","0","-120","-0.008","-0.129","0.992","3.15","0","-120","0.223","-0.149","0.963"
"10.88909","-3.15","0","-120","-0.008","-0.129","0.992","3.15","0","-120","0.223","-0.149","0.963"
"10.9034","-3.15","0","-120","-0.008","-0.129","0.992","3.15","0","-120","0.223","-0.149","0.963"
"10.9176","-3.15","0","-120","-0.008","-0.129","0.992","3.15","0","-120","0.223","-0.149","0.963"
"10.93187","-3.15","0","-120","-0.008","-0.129","0.992","3.15","0","-120","0.223","-0.149","0.963"
"10.94623","-3.15","0","-120","-0.008","-0.129","0.992","3.15","0","-120","0.223","-0.149","0.963"
"10.96113","-3.15","0","-120","-0.008","-0.129","0.992","3.15","0","-120","0.223","-0.149","0.963"
"10.97478","-3.15","0","-120","-0.008","-0.129","0.992","3.15","0","-120","0.223","-0.149","0.963"
"10.98911","-3.15","0","-120","-0.008","-0.129","0.992","3.15","0","-120","0.223","-0.149","0.963"
"11.00415","-3.15","0","-120","-0.008","-0.129","0.992","3.15","0","-120","0.223","-0.149","0.963"
"11.01764","-3.15","0","-120","-0.008","-0.129","0.992","3.15","0","-120","0.223","-0.149","0.963"
"11.03187","-3.15","0","-120","-0.008","-0.129","0.992","3.15","0","-120","0.223","-0.149","0.963"
"11.04609","-3.15","0","-120","-0.008","-0.129","0.992","3.15","0","-120","0.223","-0.149","0.963"
"11.06128","-3.15","0","-120","-0.008","-0.129","0.992","3.15","0","-120","0.223","-0.149","0.963"
"11.07692","-3.15","0","-120","-0.008","-0.129","0.992","3.15","0","-120","0.223","-0.149","0.963"
"11.08915","-3.15","0","-120","-0.008","-0.129","0.992","3.15","0","-120","0.223","-0.149","0.963"
"11.1036","-3.15","0","-120","-0.008","-0.129","0.992","3.15","0","-120","0.223","-0.149","0.963"
"11.11758","-3.15","0","-120","-0.008","-0.129","0.992","3.15","0","-120","0.223","-0.149","0.963"
"11.13185","-3.15","0","-120","-0.008","-0.129","0.992","3.15","0","-120","0.223","-0.149","0.963"
"11.1461","-3.15","0","-120","-0.008","-0.129","0.992","3.15","0","-120","0.223","-0.149","0.963"
"11.16064","-3.15","0","-120","-0.008","-0.129","0.992","3.15","0","-120","0.223","-0.149","0.963"
"11.17473","-3.15","0","-120","-0.008","-0.129","0.992","3.15","0","-120","0.223","-0.149","0.963"
"11.18915","-3.15","0","-120","-0.008","-0.129","0.992","3.15","0","-120","0.223","-0.149","0.963"
"11.20342","-3.15","0","-120","-0.008","-0.129","0.992","3.15","0","-120","0.223","-0.149","0.963"
"11.21764","-3.15","0","-120","-0.008","-0.129","0.992","3.15","0","-120","0.223","-0.149","0.963"
"11.23195","-3.15","0","-120","-0.008","-0.129","0.992","3.15","0","-120","0.223","-0.149","0.963"
"11.24617","-3.15","0","-120","-0.008","-0.129","0.992","3.15","0","-120","0.223","-0.149","0.963"
"11.2607","-3.15","0","-120","-0.008","-0.129","0.992","3.15","0","-120","0.223","-0.149","0.963"
"11.27477","-3.15","0","-120","-0.008","-0.129","0.992","3.15","0","-120","0.223","-0.149","0.963"
"11.2893","-3.15","0","-120","-0.008","-0.129","0.992","3.15","0","-120","0.223","-0.149","0.963"
"11.30343","-3.15","0","-120","-0.008","-0.129","0.992","3.15","0","-120","0.223","-0.149","0.963"
"11.31751","-3.15","0","-120","-0.008","-0.129","0.992","3.15","0","-120","0.223","-0.149","0.963"
"11.33174","-3.15","0","-120","-0.008","-0.129","0.992","3.15","0","-120","0.223","-0.149","0.963"
"11.3462","-3.15","0","-120","-0.008","-0.129","0.992","3.15","0","-120","0.223","-0.149","0.963"
"11.36063","-3.15","0","-120","-0.008","-0.129","0.992","3.15","0","-120","0.223","-0.149","0.963"
"11.37461","-3.15","0","-120","-0.008","-0.129","0.992","3.15","0","-120","0.223","-0.149","0.963"
"11.38897","-3.15","0","-120","-0.008","-0.129","0.992","3.15","0","-120","0.223","-0.149","0.963"
"11.40349","-3.15","0","-120","-0.008","-0.129","0.992","3.15","0","-120","0.223","-0.149","0.963"
"11.41769","-3.15","0","-120","-0.008","-0.129","0.992","3.15","0","-120","0.223","-0.149","0.963"
"11.4319","-3.15","0","-120","-0.008","-0.129","0.992","3.15","0","-120","0.223","-0.149","0.963"
"11.44613","-3.15","0","-120","-0.008","-0.129","0.992","3.15","0","-120","0.223","-0.149","0.963"
"11.46059","-3.15","0","-120","-0.008","-0.129","0.992","3.15","0","-120","0.223","-0.149","0.963"
"11.47473","-3.15","0","-120","-0.008","-0.129","0.992","3.15","0","-120","0.223","-0.149","0.963"
"11.48921","-3.15","0","-120","-0.008","-0.129","0.992","3.15","0","-120","0.223","-0.149","0.963"
"11.50346","-3.15","0","-120","-0.008","-0.129","0.992","3.15","0","-120","0.223","-0.149","0.963"
"11.5184","-3.15","0","-120","-0.008","-0.129","0.992","3.15","0","-120","0.223","-0.149","0.963"
"11.53194","-3.15","0","-120","-0.008","-0.129","0.992","3.15","0","-120","0.223","-0.149","0.963"
"11.54604","-3.15","0","-120","-0.008","-0.129","0.992","3.15","0","-120","0.223","-0.149","0.963"
"11.5606","-3.15","0","-120","-0.008","-0.129","0.992","3.15","0","-120","0.223","-0.149","0.963"
"11.5748","-3.15","0","-120","-0.008","-0.129","0.992","3.15","0","-120","0.223","-0.149","0.963"
"11.58904","-3.15","0","-120","-0.008","-0.129","0.992","3.15","0","-120","0.223","-0.149","0.963"
"11.60331","-3.15","0","-120","-0.008","-0.129","0.992","3.15","0","-120","0.223","-0.149","0.963"
"11.61757","-3.15","0","-120","-0.008","-0.129","0.992","3.15","0","-120","0.223","-0.149","0.963"
"11.63197","-3.15","0","-120","-0.008","-0.129","0.992","3.15","0","-120","0.223","-0.149","0.963"
"11.64623","-3.15","0","-120","-0.008","-0.129","0.992","3.15","0","-120","0.223","-0.149","0.963"
"11.6607","-3.15","0","-120","-0.008","-0.129","0.992","3.15","0","-120","0.223","-0.149","0.963"
"11.67482","-3.15","0","-120","-0.008","-0.129","0.992","3.15","0","-120","0.223","-0.149","0.963"
"11.68937","-3.15","0","-120","-0.008","-0.129","0.992","3.15","0","-120","0.223","-0.149","0.963"
"11.70336","-3.15","0","-120","-0.008","-0.129","0.992","3.15","0","-120","0.223","-0.149","0.963"
"11.71754","-3.15","0","-120","-0.008","-0.129","0.992","3.15","0","-120","0.223","-0.149","0.963"
"11.73187","-3.15","0","-120","-0.008","-0.129","0.992","3.15","0","-120","0.223","-0.149","0.963"
"11.74626","-3.15","0","-120","-0.008","-0.129","0.992","3.15","0","-120","0.223","-0.149","0.963"
"11.76052","-3.15","0","-120","-0.008","-0.129","0.992","3.15","0","-120","0.223","-0.149","0.963"
"11.77473","-3.15","0","-120","-0.008","-0.129","0.992","3.15","0","-120","0.223","-0.149","0.963"
"11.79179","-3.15","0","-120","-0.008","-0.129","0.992","3.15","0","-120","0.223","-0.149","0.963"
"11.80409","-3.15","0","-120","-0.008","-0.129","0.992","3.15","0","-120","0.223","-0.149","0.963"
"11.81753","-3.15","0","-120","-0.008","-0.129","0.992","3.15","0","-120","0.223","-0.149","0.963"
"11.83177","-3.15","0","-120","-0.008","-0.129","0.992","3.15","0","-120","0.223","-0.149","0.963"
"11.84605","-3.15","0","-120","-0.008","-0.129","0.992","3.15","0","-120","0.223","-0.149","0.963"
"11.86056","-3.15","0","-120","-0.008","-0.129","0.992","3.15","0","-120","0.223","-0.149","0.963"
"11.87462","-3.15","0","-120","-0.008","-0.129","0.992","3.15","0","-120","0.223","-0.149","0.963"
"11.88911","-3.15","0","-120","-0.008","-0.129","0.992","3.15","0","-120","0.223","-0.149","0.963"
"11.90361","-3.15","0","-120","-0.008","-0.129","0.992","3.15","0","-120","0.223","-0.149","0.963"
"11.91761","-3.15","0","-120","-0.008","-0.129","0.992","3.15","0","-120","0.223","-0.149","0.963"
"11.93178","-3.15","0","-120","-0.008","-0.129","0.992","3.15","0","-120","0.223","-0.149","0.963"
"11.94744","-3.15","0","-120","-0.008","-0.129","0.992","3.15","0","-120","0.223","-0.149","0.963"
